[
    {
        "movementSpeed": 25,
        "health": 0.0,
        "crit": 0.0,
        "abilityPower": 0.0,
        "mana": 0.0,
        "armour": 0.0,
        "magicResist": 0.0,
        "physicalDamage": 0.0,
        "attackSpeed": 0.0,
        "lifeSteal": 0.0,
        "hpRegen": 0.0,
        "movementSpeedPercent": 0.0,
        "cost": 300,
        "id": 1001
    },
    {
        "movementSpeed": 0.0,
        "health": 0.0,
        "crit": 0.0,
        "abilityPower": 0.0,
        "mana": 0.0,
        "armour": 0.0,
        "magicResist": 0.0,
        "physicalDamage": 0.0,
        "attackSpeed": 0.0,
        "lifeSteal": 0.0,
        "hpRegen": 0.0,
        "movementSpeedPercent": 0.0,
        "cost": 250,
        "id": 1004
    },
    {
        "movementSpeed": 0.0,
        "health": 0.0,
        "crit": 0.0,
        "abilityPower": 0.0,
        "mana": 0.0,
        "armour": 0.0,
        "magicResist": 0.0,
        "physicalDamage": 0.0,
        "attackSpeed": 0.0,
        "lifeSteal": 0.0,
        "hpRegen": 0.0,
        "movementSpeedPercent": 0.0,
        "cost": 150,
        "id": 1006
    },
    {
        "movementSpeed": 0.0,
        "health": 350,
        "crit": 0.0,
        "abilityPower": 0.0,
        "mana": 0.0,
        "armour": 0.0,
        "magicResist": 0.0,
        "physicalDamage": 0.0,
        "attackSpeed": 0.0,
        "lifeSteal": 0.0,
        "hpRegen": 0.0,
        "movementSpeedPercent": 0.0,
        "cost": 900,
        "id": 1011
    },
    {
        "movementSpeed": 0.0,
        "health": 0.0,
        "crit": 0.15,
        "abilityPower": 0.0,
        "mana": 0.0,
        "armour": 0.0,
        "magicResist": 0.0,
        "physicalDamage": 0.0,
        "attackSpeed": 0.0,
        "lifeSteal": 0.0,
        "hpRegen": 0.0,
        "movementSpeedPercent": 0.0,
        "cost": 600,
        "id": 1018
    },
    {
        "movementSpeed": 0.0,
        "health": 0.0,
        "crit": 0.0,
        "abilityPower": 40,
        "mana": 0.0,
        "armour": 0.0,
        "magicResist": 0.0,
        "physicalDamage": 0.0,
        "attackSpeed": 0.0,
        "lifeSteal": 0.0,
        "hpRegen": 0.0,
        "movementSpeedPercent": 0.0,
        "cost": 850,
        "id": 1026
    },
    {
        "movementSpeed": 0.0,
        "health": 0.0,
        "crit": 0.0,
        "abilityPower": 0.0,
        "mana": 250,
        "armour": 0.0,
        "magicResist": 0.0,
        "physicalDamage": 0.0,
        "attackSpeed": 0.0,
        "lifeSteal": 0.0,
        "hpRegen": 0.0,
        "movementSpeedPercent": 0.0,
        "cost": 350,
        "id": 1027
    },
    {
        "movementSpeed": 0.0,
        "health": 150,
        "crit": 0.0,
        "abilityPower": 0.0,
        "mana": 0.0,
        "armour": 0.0,
        "magicResist": 0.0,
        "physicalDamage": 0.0,
        "attackSpeed": 0.0,
        "lifeSteal": 0.0,
        "hpRegen": 0.0,
        "movementSpeedPercent": 0.0,
        "cost": 400,
        "id": 1028
    },
    {
        "movementSpeed": 0.0,
        "health": 0.0,
        "crit": 0.0,
        "abilityPower": 0.0,
        "mana": 0.0,
        "armour": 15,
        "magicResist": 0.0,
        "physicalDamage": 0.0,
        "attackSpeed": 0.0,
        "lifeSteal": 0.0,
        "hpRegen": 0.0,
        "movementSpeedPercent": 0.0,
        "cost": 300,
        "id": 1029
    },
    {
        "movementSpeed": 0.0,
        "health": 0.0,
        "crit": 0.0,
        "abilityPower": 0.0,
        "mana": 0.0,
        "armour": 40,
        "magicResist": 0.0,
        "physicalDamage": 0.0,
        "attackSpeed": 0.0,
        "lifeSteal": 0.0,
        "hpRegen": 0.0,
        "movementSpeedPercent": 0.0,
        "cost": 800,
        "id": 1031
    },
    {
        "movementSpeed": 0.0,
        "health": 0.0,
        "crit": 0.0,
        "abilityPower": 0.0,
        "mana": 0.0,
        "armour": 0.0,
        "magicResist": 25,
        "physicalDamage": 0.0,
        "attackSpeed": 0.0,
        "lifeSteal": 0.0,
        "hpRegen": 0.0,
        "movementSpeedPercent": 0.0,
        "cost": 450,
        "id": 1033
    },
    {
        "movementSpeed": 0.0,
        "health": 0.0,
        "crit": 0.0,
        "abilityPower": 0.0,
        "mana": 0.0,
        "armour": 0.0,
        "magicResist": 0.0,
        "physicalDamage": 0.0,
        "attackSpeed": 0.0,
        "lifeSteal": 0.0,
        "hpRegen": 0.0,
        "movementSpeedPercent": 0.0,
        "cost": 350,
        "id": 1035
    },
    {
        "movementSpeed": 0.0,
        "health": 0.0,
        "crit": 0.0,
        "abilityPower": 0.0,
        "mana": 0.0,
        "armour": 0.0,
        "magicResist": 0.0,
        "physicalDamage": 10,
        "attackSpeed": 0.0,
        "lifeSteal": 0.0,
        "hpRegen": 0.0,
        "movementSpeedPercent": 0.0,
        "cost": 350,
        "id": 1036
    },
    {
        "movementSpeed": 0.0,
        "health": 0.0,
        "crit": 0.0,
        "abilityPower": 0.0,
        "mana": 0.0,
        "armour": 0.0,
        "magicResist": 0.0,
        "physicalDamage": 25,
        "attackSpeed": 0.0,
        "lifeSteal": 0.0,
        "hpRegen": 0.0,
        "movementSpeedPercent": 0.0,
        "cost": 875,
        "id": 1037
    },
    {
        "movementSpeed": 0.0,
        "health": 0.0,
        "crit": 0.0,
        "abilityPower": 0.0,
        "mana": 0.0,
        "armour": 0.0,
        "magicResist": 0.0,
        "physicalDamage": 40,
        "attackSpeed": 0.0,
        "lifeSteal": 0.0,
        "hpRegen": 0.0,
        "movementSpeedPercent": 0.0,
        "cost": 1300,
        "id": 1038
    },
    {
        "movementSpeed": 0.0,
        "health": 0.0,
        "crit": 0.0,
        "abilityPower": 0.0,
        "mana": 0.0,
        "armour": 0.0,
        "magicResist": 0.0,
        "physicalDamage": 0.0,
        "attackSpeed": 0.0,
        "lifeSteal": 0.0,
        "hpRegen": 0.0,
        "movementSpeedPercent": 0.0,
        "cost": 350,
        "id": 1039
    },
    {
        "movementSpeed": 0.0,
        "health": 0.0,
        "crit": 0.0,
        "abilityPower": 0.0,
        "mana": 0.0,
        "armour": 0.0,
        "magicResist": 0.0,
        "physicalDamage": 0.0,
        "attackSpeed": 0.12,
        "lifeSteal": 0.0,
        "hpRegen": 0.0,
        "movementSpeedPercent": 0.0,
        "cost": 300,
        "id": 1042
    },
    {
        "movementSpeed": 0.0,
        "health": 0.0,
        "crit": 0.0,
        "abilityPower": 0.0,
        "mana": 0.0,
        "armour": 0.0,
        "magicResist": 0.0,
        "physicalDamage": 0.0,
        "attackSpeed": 0.25,
        "lifeSteal": 0.0,
        "hpRegen": 0.0,
        "movementSpeedPercent": 0.0,
        "cost": 1000,
        "id": 1043
    },
    {
        "movementSpeed": 0.0,
        "health": 0.0,
        "crit": 0.0,
        "abilityPower": 20,
        "mana": 0.0,
        "armour": 0.0,
        "magicResist": 0.0,
        "physicalDamage": 0.0,
        "attackSpeed": 0.0,
        "lifeSteal": 0.0,
        "hpRegen": 0.0,
        "movementSpeedPercent": 0.0,
        "cost": 435,
        "id": 1052
    },
    {
        "movementSpeed": 0.0,
        "health": 0.0,
        "crit": 0.0,
        "abilityPower": 0.0,
        "mana": 0.0,
        "armour": 0.0,
        "magicResist": 0.0,
        "physicalDamage": 15,
        "attackSpeed": 0.0,
        "lifeSteal": 0.1,
        "hpRegen": 0.0,
        "movementSpeedPercent": 0.0,
        "cost": 900,
        "id": 1053
    },
    {
        "movementSpeed": 0.0,
        "health": 80,
        "crit": 0.0,
        "abilityPower": 0.0,
        "mana": 0.0,
        "armour": 0.0,
        "magicResist": 0.0,
        "physicalDamage": 0.0,
        "attackSpeed": 0.0,
        "lifeSteal": 0.0,
        "hpRegen": 1.2,
        "movementSpeedPercent": 0.0,
        "cost": 450,
        "id": 1054
    },
    {
        "movementSpeed": 0.0,
        "health": 80,
        "crit": 0.0,
        "abilityPower": 0.0,
        "mana": 0.0,
        "armour": 0.0,
        "magicResist": 0.0,
        "physicalDamage": 8,
        "attackSpeed": 0.0,
        "lifeSteal": 0.0,
        "hpRegen": 0.0,
        "movementSpeedPercent": 0.0,
        "cost": 450,
        "id": 1055
    },
    {
        "movementSpeed": 0.0,
        "health": 70,
        "crit": 0.0,
        "abilityPower": 15,
        "mana": 0.0,
        "armour": 0.0,
        "magicResist": 0.0,
        "physicalDamage": 0.0,
        "attackSpeed": 0.0,
        "lifeSteal": 0.0,
        "hpRegen": 0.0,
        "movementSpeedPercent": 0.0,
        "cost": 400,
        "id": 1056
    },
    {
        "movementSpeed": 0.0,
        "health": 0.0,
        "crit": 0.0,
        "abilityPower": 0.0,
        "mana": 0.0,
        "armour": 0.0,
        "magicResist": 50,
        "physicalDamage": 0.0,
        "attackSpeed": 0.0,
        "lifeSteal": 0.0,
        "hpRegen": 0.0,
        "movementSpeedPercent": 0.0,
        "cost": 900,
        "id": 1057
    },
    {
        "movementSpeed": 0.0,
        "health": 0.0,
        "crit": 0.0,
        "abilityPower": 60,
        "mana": 0.0,
        "armour": 0.0,
        "magicResist": 0.0,
        "physicalDamage": 0.0,
        "attackSpeed": 0.0,
        "lifeSteal": 0.0,
        "hpRegen": 0.0,
        "movementSpeedPercent": 0.0,
        "cost": 1250,
        "id": 1058
    },
    {
        "movementSpeed": 0.0,
        "health": 40,
        "crit": 0.0,
        "abilityPower": 15,
        "mana": 0.0,
        "armour": 0.0,
        "magicResist": 0.0,
        "physicalDamage": 0.0,
        "attackSpeed": 0.0,
        "lifeSteal": 0.0,
        "hpRegen": 0.0,
        "movementSpeedPercent": 0.0,
        "cost": 350,
        "id": 1082
    },
    {
        "movementSpeed": 0.0,
        "health": 0.0,
        "crit": 0.0,
        "abilityPower": 0.0,
        "mana": 0.0,
        "armour": 0.0,
        "magicResist": 0.0,
        "physicalDamage": 7,
        "attackSpeed": 0.0,
        "lifeSteal": 0.0,
        "hpRegen": 0.0,
        "movementSpeedPercent": 0.0,
        "cost": 450,
        "id": 1083
    },
    {
        "movementSpeed": 0.0,
        "health": 0.0,
        "crit": 0.0,
        "abilityPower": 0.0,
        "mana": 0.0,
        "armour": 0.0,
        "magicResist": 0.0,
        "physicalDamage": 0.0,
        "attackSpeed": 0.0,
        "lifeSteal": 0.0,
        "hpRegen": 0.0,
        "movementSpeedPercent": 0.0,
        "cost": 50,
        "id": 2003
    },
    {
        "movementSpeed": 0.0,
        "health": 0.0,
        "crit": 0.0,
        "abilityPower": 0.0,
        "mana": 0.0,
        "armour": 0.0,
        "magicResist": 0.0,
        "physicalDamage": 0.0,
        "attackSpeed": 0.0,
        "lifeSteal": 0.0,
        "hpRegen": 0.0,
        "movementSpeedPercent": 0.0,
        "cost": 75,
        "id": 2010
    },
    {
        "movementSpeed": 0.0,
        "health": 0.0,
        "crit": 0.0,
        "abilityPower": 0.0,
        "mana": 0.0,
        "armour": 0.0,
        "magicResist": 0.0,
        "physicalDamage": 0.0,
        "attackSpeed": 0.15,
        "lifeSteal": 0.0,
        "hpRegen": 0.0,
        "movementSpeedPercent": 0.0,
        "cost": 700,
        "id": 2015
    },
    {
        "movementSpeed": 0.0,
        "health": 0.0,
        "crit": 0.0,
        "abilityPower": 0.0,
        "mana": 0.0,
        "armour": 0.0,
        "magicResist": 0.0,
        "physicalDamage": 0.0,
        "attackSpeed": 0.0,
        "lifeSteal": 0.0,
        "hpRegen": 0.0,
        "movementSpeedPercent": 0.0,
        "cost": 150,
        "id": 2031
    },
    {
        "movementSpeed": 0.0,
        "health": 0.0,
        "crit": 0.0,
        "abilityPower": 0.0,
        "mana": 0.0,
        "armour": 0.0,
        "magicResist": 0.0,
        "physicalDamage": 0.0,
        "attackSpeed": 0.0,
        "lifeSteal": 0.0,
        "hpRegen": 0.0,
        "movementSpeedPercent": 0.0,
        "cost": 500,
        "id": 2033
    },
    {
        "movementSpeed": 0.0,
        "health": 150,
        "crit": 0.0,
        "abilityPower": 0.0,
        "mana": 0.0,
        "armour": 0.0,
        "magicResist": 0.0,
        "physicalDamage": 0.0,
        "attackSpeed": 0.0,
        "lifeSteal": 0.0,
        "hpRegen": 4,
        "movementSpeedPercent": 0.0,
        "cost": 950,
        "id": 2051
    },
    {
        "movementSpeed": 0.0,
        "health": 0.0,
        "crit": 0.0,
        "abilityPower": 0.0,
        "mana": 0.0,
        "armour": 0.0,
        "magicResist": 0.0,
        "physicalDamage": 0.0,
        "attackSpeed": 0.0,
        "lifeSteal": 0.0,
        "hpRegen": 0.0,
        "movementSpeedPercent": 0.0,
        "cost": 0,
        "id": 2052
    },
    {
        "movementSpeed": 0.0,
        "health": 0.0,
        "crit": 0.0,
        "abilityPower": 0.0,
        "mana": 0.0,
        "armour": 0.0,
        "magicResist": 0.0,
        "physicalDamage": 0.0,
        "attackSpeed": 0.0,
        "lifeSteal": 0.0,
        "hpRegen": 0.0,
        "movementSpeedPercent": 0.0,
        "cost": 75,
        "id": 2055
    },
    {
        "movementSpeed": 0.0,
        "health": 200,
        "crit": 0.0,
        "abilityPower": 40,
        "mana": 0.0,
        "armour": 0.0,
        "magicResist": 0.0,
        "physicalDamage": 0.0,
        "attackSpeed": 0.0,
        "lifeSteal": 0.0,
        "hpRegen": 0.0,
        "movementSpeedPercent": 0.0,
        "cost": 2500,
        "id": 2065
    },
    {
        "movementSpeed": 0.0,
        "health": 0.0,
        "crit": 0.0,
        "abilityPower": 0.0,
        "mana": 0.0,
        "armour": 0.0,
        "magicResist": 0.0,
        "physicalDamage": 0.0,
        "attackSpeed": 0.0,
        "lifeSteal": 0.0,
        "hpRegen": 0.0,
        "movementSpeedPercent": 0.0,
        "cost": 500,
        "id": 2138
    },
    {
        "movementSpeed": 0.0,
        "health": 0.0,
        "crit": 0.0,
        "abilityPower": 0.0,
        "mana": 0.0,
        "armour": 0.0,
        "magicResist": 0.0,
        "physicalDamage": 0.0,
        "attackSpeed": 0.0,
        "lifeSteal": 0.0,
        "hpRegen": 0.0,
        "movementSpeedPercent": 0.0,
        "cost": 500,
        "id": 2139
    },
    {
        "movementSpeed": 0.0,
        "health": 0.0,
        "crit": 0.0,
        "abilityPower": 0.0,
        "mana": 0.0,
        "armour": 0.0,
        "magicResist": 0.0,
        "physicalDamage": 0.0,
        "attackSpeed": 0.0,
        "lifeSteal": 0.0,
        "hpRegen": 0.0,
        "movementSpeedPercent": 0.0,
        "cost": 500,
        "id": 2140
    },
    {
        "movementSpeed": 0.0,
        "health": 0.0,
        "crit": 0.0,
        "abilityPower": 0.0,
        "mana": 0.0,
        "armour": 0.0,
        "magicResist": 0.0,
        "physicalDamage": 0.0,
        "attackSpeed": 0.0,
        "lifeSteal": 0.0,
        "hpRegen": 0.0,
        "movementSpeedPercent": 0.0,
        "cost": 0,
        "id": 2403
    },
    {
        "movementSpeed": 0.0,
        "health": 0.0,
        "crit": 0.0,
        "abilityPower": 0.0,
        "mana": 0.0,
        "armour": 0.0,
        "magicResist": 0.0,
        "physicalDamage": 0.0,
        "attackSpeed": 0.0,
        "lifeSteal": 0.0,
        "hpRegen": 0.0,
        "movementSpeedPercent": 0.0,
        "cost": 0,
        "id": 2419
    },
    {
        "movementSpeed": 0.0,
        "health": 0.0,
        "crit": 0.0,
        "abilityPower": 0.0,
        "mana": 0.0,
        "armour": 0.0,
        "magicResist": 0.0,
        "physicalDamage": 0.0,
        "attackSpeed": 0.0,
        "lifeSteal": 0.0,
        "hpRegen": 0.0,
        "movementSpeedPercent": 0.0,
        "cost": 650,
        "id": 2420
    },
    {
        "movementSpeed": 0.0,
        "health": 0.0,
        "crit": 0.0,
        "abilityPower": 0.0,
        "mana": 0.0,
        "armour": 0.0,
        "magicResist": 0.0,
        "physicalDamage": 0.0,
        "attackSpeed": 0.0,
        "lifeSteal": 0.0,
        "hpRegen": 0.0,
        "movementSpeedPercent": 0.0,
        "cost": 650,
        "id": 2421
    },
    {
        "movementSpeed": 25,
        "health": 0.0,
        "crit": 0.0,
        "abilityPower": 0.0,
        "mana": 0.0,
        "armour": 0.0,
        "magicResist": 0.0,
        "physicalDamage": 0.0,
        "attackSpeed": 0.0,
        "lifeSteal": 0.0,
        "hpRegen": 0.0,
        "movementSpeedPercent": 0.0,
        "cost": 300,
        "id": 2422
    },
    {
        "movementSpeed": 0.0,
        "health": 0.0,
        "crit": 0.0,
        "abilityPower": 0.0,
        "mana": 0.0,
        "armour": 0.0,
        "magicResist": 0.0,
        "physicalDamage": 0.0,
        "attackSpeed": 0.0,
        "lifeSteal": 0.0,
        "hpRegen": 0.0,
        "movementSpeedPercent": 0.0,
        "cost": 650,
        "id": 2423
    },
    {
        "movementSpeed": 0.0,
        "health": 0.0,
        "crit": 0.0,
        "abilityPower": 0.0,
        "mana": 0.0,
        "armour": 0.0,
        "magicResist": 0.0,
        "physicalDamage": 0.0,
        "attackSpeed": 0.0,
        "lifeSteal": 0.0,
        "hpRegen": 0.0,
        "movementSpeedPercent": 0.0,
        "cost": 650,
        "id": 2424
    },
    {
        "movementSpeed": 0.0,
        "health": 350,
        "crit": 0.0,
        "abilityPower": 0.0,
        "mana": 0.0,
        "armour": 0.0,
        "magicResist": 60,
        "physicalDamage": 0.0,
        "attackSpeed": 0.0,
        "lifeSteal": 0.0,
        "hpRegen": 0.0,
        "movementSpeedPercent": 0.0,
        "cost": 2700,
        "id": 3001
    },
    {
        "movementSpeed": 0.0,
        "health": 0.0,
        "crit": 0.0,
        "abilityPower": 65,
        "mana": 500,
        "armour": 0.0,
        "magicResist": 0.0,
        "physicalDamage": 0.0,
        "attackSpeed": 0.0,
        "lifeSteal": 0.0,
        "hpRegen": 0.0,
        "movementSpeedPercent": 0.0,
        "cost": 3000,
        "id": 3003
    },
    {
        "movementSpeed": 0.0,
        "health": 0.0,
        "crit": 0.0,
        "abilityPower": 0.0,
        "mana": 500,
        "armour": 0.0,
        "magicResist": 0.0,
        "physicalDamage": 35,
        "attackSpeed": 0.0,
        "lifeSteal": 0.0,
        "hpRegen": 0.0,
        "movementSpeedPercent": 0.0,
        "cost": 2900,
        "id": 3004
    },
    {
        "movementSpeed": 45,
        "health": 0.0,
        "crit": 0.0,
        "abilityPower": 0.0,
        "mana": 0.0,
        "armour": 0.0,
        "magicResist": 0.0,
        "physicalDamage": 0.0,
        "attackSpeed": 0.35,
        "lifeSteal": 0.0,
        "hpRegen": 0.0,
        "movementSpeedPercent": 0.0,
        "cost": 1100,
        "id": 3006
    },
    {
        "movementSpeed": 60,
        "health": 0.0,
        "crit": 0.0,
        "abilityPower": 0.0,
        "mana": 0.0,
        "armour": 0.0,
        "magicResist": 0.0,
        "physicalDamage": 0.0,
        "attackSpeed": 0.0,
        "lifeSteal": 0.0,
        "hpRegen": 0.0,
        "movementSpeedPercent": 0.0,
        "cost": 900,
        "id": 3009
    },
    {
        "movementSpeed": 0.0,
        "health": 0.0,
        "crit": 0.0,
        "abilityPower": 55,
        "mana": 0.0,
        "armour": 0.0,
        "magicResist": 0.0,
        "physicalDamage": 0.0,
        "attackSpeed": 0.0,
        "lifeSteal": 0.0,
        "hpRegen": 0.0,
        "movementSpeedPercent": 0.0,
        "cost": 2300,
        "id": 3011
    },
    {
        "movementSpeed": 45,
        "health": 0.0,
        "crit": 0.0,
        "abilityPower": 0.0,
        "mana": 0.0,
        "armour": 0.0,
        "magicResist": 0.0,
        "physicalDamage": 0.0,
        "attackSpeed": 0.0,
        "lifeSteal": 0.0,
        "hpRegen": 0.0,
        "movementSpeedPercent": 0.0,
        "cost": 1100,
        "id": 3020
    },
    {
        "movementSpeed": 0.0,
        "health": 0.0,
        "crit": 0.0,
        "abilityPower": 0.0,
        "mana": 250,
        "armour": 20,
        "magicResist": 0.0,
        "physicalDamage": 0.0,
        "attackSpeed": 0.0,
        "lifeSteal": 0.0,
        "hpRegen": 0.0,
        "movementSpeedPercent": 0.0,
        "cost": 900,
        "id": 3024
    },
    {
        "movementSpeed": 0.0,
        "health": 0.0,
        "crit": 0.0,
        "abilityPower": 0.0,
        "mana": 0.0,
        "armour": 40,
        "magicResist": 0.0,
        "physicalDamage": 40,
        "attackSpeed": 0.0,
        "lifeSteal": 0.0,
        "hpRegen": 0.0,
        "movementSpeedPercent": 0.0,
        "cost": 2800,
        "id": 3026
    },
    {
        "movementSpeed": 0.0,
        "health": 0.0,
        "crit": 0.2,
        "abilityPower": 0.0,
        "mana": 0.0,
        "armour": 0.0,
        "magicResist": 0.0,
        "physicalDamage": 70,
        "attackSpeed": 0.0,
        "lifeSteal": 0.0,
        "hpRegen": 0.0,
        "movementSpeedPercent": 0.0,
        "cost": 3400,
        "id": 3031
    },
    {
        "movementSpeed": 0.0,
        "health": 0.0,
        "crit": 0.2,
        "abilityPower": 0.0,
        "mana": 0.0,
        "armour": 0.0,
        "magicResist": 0.0,
        "physicalDamage": 25,
        "attackSpeed": 0.25,
        "lifeSteal": 0.0,
        "hpRegen": 0.0,
        "movementSpeedPercent": 0.07,
        "cost": 2500,
        "id": 3033
    },
    {
        "movementSpeed": 0.0,
        "health": 0.0,
        "crit": 0.0,
        "abilityPower": 0.0,
        "mana": 0.0,
        "armour": 0.0,
        "magicResist": 0.0,
        "physicalDamage": 20,
        "attackSpeed": 0.0,
        "lifeSteal": 0.0,
        "hpRegen": 0.0,
        "movementSpeedPercent": 0.0,
        "cost": 1450,
        "id": 3035
    },
    {
        "movementSpeed": 0.0,
        "health": 0.0,
        "crit": 0.2,
        "abilityPower": 0.0,
        "mana": 0.0,
        "armour": 0.0,
        "magicResist": 0.0,
        "physicalDamage": 30,
        "attackSpeed": 0.0,
        "lifeSteal": 0.0,
        "hpRegen": 0.0,
        "movementSpeedPercent": 0.0,
        "cost": 3000,
        "id": 3036
    },
    {
        "movementSpeed": 0.0,
        "health": 0.0,
        "crit": 0.0,
        "abilityPower": 65,
        "mana": 860,
        "armour": 0.0,
        "magicResist": 0.0,
        "physicalDamage": 0.0,
        "attackSpeed": 0.0,
        "lifeSteal": 0.0,
        "hpRegen": 0.0,
        "movementSpeedPercent": 0.0,
        "cost": 3000,
        "id": 3040
    },
    {
        "movementSpeed": 0.0,
        "health": 100,
        "crit": 0.0,
        "abilityPower": 20,
        "mana": 0.0,
        "armour": 0.0,
        "magicResist": 0.0,
        "physicalDamage": 0.0,
        "attackSpeed": 0.0,
        "lifeSteal": 0.0,
        "hpRegen": 0.0,
        "movementSpeedPercent": 0.0,
        "cost": 1600,
        "id": 3041
    },
    {
        "movementSpeed": 0.0,
        "health": 0.0,
        "crit": 0.0,
        "abilityPower": 0.0,
        "mana": 860,
        "armour": 0.0,
        "magicResist": 0.0,
        "physicalDamage": 35,
        "attackSpeed": 0.0,
        "lifeSteal": 0.0,
        "hpRegen": 0.0,
        "movementSpeedPercent": 0.0,
        "cost": 3000,
        "id": 3042
    },
    {
        "movementSpeed": 0.0,
        "health": 200,
        "crit": 0.0,
        "abilityPower": 0.0,
        "mana": 0.0,
        "armour": 0.0,
        "magicResist": 0.0,
        "physicalDamage": 15,
        "attackSpeed": 0.0,
        "lifeSteal": 0.0,
        "hpRegen": 0.0,
        "movementSpeedPercent": 0.0,
        "cost": 1100,
        "id": 3044
    },
    {
        "movementSpeed": 0.0,
        "health": 0.0,
        "crit": 0.2,
        "abilityPower": 0.0,
        "mana": 0.0,
        "armour": 0.0,
        "magicResist": 0.0,
        "physicalDamage": 20,
        "attackSpeed": 0.25,
        "lifeSteal": 0.0,
        "hpRegen": 0.0,
        "movementSpeedPercent": 0.07,
        "cost": 2600,
        "id": 3046
    },
    {
        "movementSpeed": 45,
        "health": 0.0,
        "crit": 0.0,
        "abilityPower": 0.0,
        "mana": 0.0,
        "armour": 20,
        "magicResist": 0.0,
        "physicalDamage": 0.0,
        "attackSpeed": 0.0,
        "lifeSteal": 0.0,
        "hpRegen": 0.0,
        "movementSpeedPercent": 0.0,
        "cost": 1100,
        "id": 3047
    },
    {
        "movementSpeed": 0.0,
        "health": 250,
        "crit": 0.0,
        "abilityPower": 0.0,
        "mana": 250,
        "armour": 25,
        "magicResist": 0.0,
        "physicalDamage": 0.0,
        "attackSpeed": 0.0,
        "lifeSteal": 0.0,
        "hpRegen": 0.0,
        "movementSpeedPercent": 0.0,
        "cost": 2400,
        "id": 3050
    },
    {
        "movementSpeed": 0.0,
        "health": 0.0,
        "crit": 0.0,
        "abilityPower": 0.0,
        "mana": 0.0,
        "armour": 0.0,
        "magicResist": 0.0,
        "physicalDamage": 15,
        "attackSpeed": 0.15,
        "lifeSteal": 0.0,
        "hpRegen": 0.0,
        "movementSpeedPercent": 0.0,
        "cost": 1100,
        "id": 3051
    },
    {
        "movementSpeed": 0.0,
        "health": 400,
        "crit": 0.0,
        "abilityPower": 0.0,
        "mana": 0.0,
        "armour": 0.0,
        "magicResist": 0.0,
        "physicalDamage": 50,
        "attackSpeed": 0.0,
        "lifeSteal": 0.0,
        "hpRegen": 0.0,
        "movementSpeedPercent": 0.0,
        "cost": 3100,
        "id": 3053
    },
    {
        "movementSpeed": 0.0,
        "health": 0.0,
        "crit": 0.0,
        "abilityPower": 0.0,
        "mana": 0.0,
        "armour": 0.0,
        "magicResist": 0.0,
        "physicalDamage": 0.0,
        "attackSpeed": 0.0,
        "lifeSteal": 0.0,
        "hpRegen": 0.0,
        "movementSpeedPercent": 0.0,
        "cost": 700,
        "id": 3057
    },
    {
        "movementSpeed": 0.0,
        "health": 450,
        "crit": 0.0,
        "abilityPower": 0.0,
        "mana": 0.0,
        "armour": 0.0,
        "magicResist": 40,
        "physicalDamage": 0.0,
        "attackSpeed": 0.0,
        "lifeSteal": 0.0,
        "hpRegen": 0.0,
        "movementSpeedPercent": 0.0,
        "cost": 2900,
        "id": 3065
    },
    {
        "movementSpeed": 0.0,
        "health": 150,
        "crit": 0.0,
        "abilityPower": 0.0,
        "mana": 0.0,
        "armour": 0.0,
        "magicResist": 0.0,
        "physicalDamage": 0.0,
        "attackSpeed": 0.0,
        "lifeSteal": 0.0,
        "hpRegen": 0.0,
        "movementSpeedPercent": 0.0,
        "cost": 800,
        "id": 3066
    },
    {
        "movementSpeed": 0.0,
        "health": 200,
        "crit": 0.0,
        "abilityPower": 0.0,
        "mana": 0.0,
        "armour": 0.0,
        "magicResist": 0.0,
        "physicalDamage": 0.0,
        "attackSpeed": 0.0,
        "lifeSteal": 0.0,
        "hpRegen": 0.0,
        "movementSpeedPercent": 0.0,
        "cost": 800,
        "id": 3067
    },
    {
        "movementSpeed": 0.0,
        "health": 350,
        "crit": 0.0,
        "abilityPower": 0.0,
        "mana": 0.0,
        "armour": 30,
        "magicResist": 30,
        "physicalDamage": 0.0,
        "attackSpeed": 0.0,
        "lifeSteal": 0.0,
        "hpRegen": 0.0,
        "movementSpeedPercent": 0.0,
        "cost": 3200,
        "id": 3068
    },
    {
        "movementSpeed": 0.0,
        "health": 0.0,
        "crit": 0.0,
        "abilityPower": 0.0,
        "mana": 240,
        "armour": 0.0,
        "magicResist": 0.0,
        "physicalDamage": 0.0,
        "attackSpeed": 0.0,
        "lifeSteal": 0.0,
        "hpRegen": 0.0,
        "movementSpeedPercent": 0.0,
        "cost": 400,
        "id": 3070
    },
    {
        "movementSpeed": 0.0,
        "health": 400,
        "crit": 0.0,
        "abilityPower": 0.0,
        "mana": 0.0,
        "armour": 0.0,
        "magicResist": 0.0,
        "physicalDamage": 40,
        "attackSpeed": 0.0,
        "lifeSteal": 0.0,
        "hpRegen": 0.0,
        "movementSpeedPercent": 0.0,
        "cost": 3100,
        "id": 3071
    },
    {
        "movementSpeed": 0.0,
        "health": 0.0,
        "crit": 0.2,
        "abilityPower": 0.0,
        "mana": 0.0,
        "armour": 0.0,
        "magicResist": 0.0,
        "physicalDamage": 55,
        "attackSpeed": 0.0,
        "lifeSteal": 0.2,
        "hpRegen": 0.0,
        "movementSpeedPercent": 0.0,
        "cost": 3400,
        "id": 3072
    },
    {
        "movementSpeed": 0.0,
        "health": 0.0,
        "crit": 0.0,
        "abilityPower": 0.0,
        "mana": 0.0,
        "armour": 0.0,
        "magicResist": 0.0,
        "physicalDamage": 65,
        "attackSpeed": 0.0,
        "lifeSteal": 0.0,
        "hpRegen": 0.0,
        "movementSpeedPercent": 0.0,
        "cost": 3300,
        "id": 3074
    },
    {
        "movementSpeed": 0.0,
        "health": 350,
        "crit": 0.0,
        "abilityPower": 0.0,
        "mana": 0.0,
        "armour": 60,
        "magicResist": 0.0,
        "physicalDamage": 0.0,
        "attackSpeed": 0.0,
        "lifeSteal": 0.0,
        "hpRegen": 0.0,
        "movementSpeedPercent": 0.0,
        "cost": 2700,
        "id": 3075
    },
    {
        "movementSpeed": 0.0,
        "health": 0.0,
        "crit": 0.0,
        "abilityPower": 0.0,
        "mana": 0.0,
        "armour": 35,
        "magicResist": 0.0,
        "physicalDamage": 0.0,
        "attackSpeed": 0.0,
        "lifeSteal": 0.0,
        "hpRegen": 0.0,
        "movementSpeedPercent": 0.0,
        "cost": 800,
        "id": 3076
    },
    {
        "movementSpeed": 0.0,
        "health": 0.0,
        "crit": 0.0,
        "abilityPower": 0.0,
        "mana": 0.0,
        "armour": 0.0,
        "magicResist": 0.0,
        "physicalDamage": 25,
        "attackSpeed": 0.0,
        "lifeSteal": 0.0,
        "hpRegen": 0.0,
        "movementSpeedPercent": 0.0,
        "cost": 1200,
        "id": 3077
    },
    {
        "movementSpeed": 0.0,
        "health": 200,
        "crit": 0.0,
        "abilityPower": 0.0,
        "mana": 0.0,
        "armour": 0.0,
        "magicResist": 0.0,
        "physicalDamage": 30,
        "attackSpeed": 0.3,
        "lifeSteal": 0.0,
        "hpRegen": 0.0,
        "movementSpeedPercent": 0.0,
        "cost": 3333,
        "id": 3078
    },
    {
        "movementSpeed": 0.0,
        "health": 0.0,
        "crit": 0.0,
        "abilityPower": 0.0,
        "mana": 0.0,
        "armour": 40,
        "magicResist": 0.0,
        "physicalDamage": 0.0,
        "attackSpeed": 0.0,
        "lifeSteal": 0.0,
        "hpRegen": 0.0,
        "movementSpeedPercent": 0.0,
        "cost": 1000,
        "id": 3082
    },
    {
        "movementSpeed": 0.0,
        "health": 800,
        "crit": 0.0,
        "abilityPower": 0.0,
        "mana": 0.0,
        "armour": 0.0,
        "magicResist": 0.0,
        "physicalDamage": 0.0,
        "attackSpeed": 0.0,
        "lifeSteal": 0.0,
        "hpRegen": 0.0,
        "movementSpeedPercent": 0.0,
        "cost": 3000,
        "id": 3083
    },
    {
        "movementSpeed": 0.0,
        "health": 0.0,
        "crit": 0.2,
        "abilityPower": 0.0,
        "mana": 0.0,
        "armour": 0.0,
        "magicResist": 0.0,
        "physicalDamage": 0.0,
        "attackSpeed": 0.45,
        "lifeSteal": 0.0,
        "hpRegen": 0.0,
        "movementSpeedPercent": 0.07,
        "cost": 2600,
        "id": 3085
    },
    {
        "movementSpeed": 0.0,
        "health": 0.0,
        "crit": 0.15,
        "abilityPower": 0.0,
        "mana": 0.0,
        "armour": 0.0,
        "magicResist": 0.0,
        "physicalDamage": 0.0,
        "attackSpeed": 0.18,
        "lifeSteal": 0.0,
        "hpRegen": 0.0,
        "movementSpeedPercent": 0.0,
        "cost": 1050,
        "id": 3086
    },
    {
        "movementSpeed": 0.0,
        "health": 0.0,
        "crit": 0.0,
        "abilityPower": 120,
        "mana": 0.0,
        "armour": 0.0,
        "magicResist": 0.0,
        "physicalDamage": 0.0,
        "attackSpeed": 0.0,
        "lifeSteal": 0.0,
        "hpRegen": 0.0,
        "movementSpeedPercent": 0.0,
        "cost": 3600,
        "id": 3089
    },
    {
        "movementSpeed": 0.0,
        "health": 0.0,
        "crit": 0.0,
        "abilityPower": 0.0,
        "mana": 0.0,
        "armour": 0.0,
        "magicResist": 50,
        "physicalDamage": 30,
        "attackSpeed": 0.4,
        "lifeSteal": 0.0,
        "hpRegen": 0.0,
        "movementSpeedPercent": 0.0,
        "cost": 3100,
        "id": 3091
    },
    {
        "movementSpeed": 0.0,
        "health": 0.0,
        "crit": 0.2,
        "abilityPower": 0.0,
        "mana": 0.0,
        "armour": 0.0,
        "magicResist": 0.0,
        "physicalDamage": 0.0,
        "attackSpeed": 0.35,
        "lifeSteal": 0.0,
        "hpRegen": 0.0,
        "movementSpeedPercent": 0.07,
        "cost": 2500,
        "id": 3094
    },
    {
        "movementSpeed": 0.0,
        "health": 0.0,
        "crit": 0.2,
        "abilityPower": 0.0,
        "mana": 0.0,
        "armour": 0.0,
        "magicResist": 0.0,
        "physicalDamage": 40,
        "attackSpeed": 0.15,
        "lifeSteal": 0.0,
        "hpRegen": 0.0,
        "movementSpeedPercent": 0.0,
        "cost": 2700,
        "id": 3095
    },
    {
        "movementSpeed": 0.0,
        "health": 0.0,
        "crit": 0.0,
        "abilityPower": 70,
        "mana": 0.0,
        "armour": 0.0,
        "magicResist": 0.0,
        "physicalDamage": 0.0,
        "attackSpeed": 0.0,
        "lifeSteal": 0.0,
        "hpRegen": 0.0,
        "movementSpeedPercent": 0.1,
        "cost": 3000,
        "id": 3100
    },
    {
        "movementSpeed": 0.0,
        "health": 0.0,
        "crit": 0.0,
        "abilityPower": 80,
        "mana": 0.0,
        "armour": 0.0,
        "magicResist": 45,
        "physicalDamage": 0.0,
        "attackSpeed": 0.0,
        "lifeSteal": 0.0,
        "hpRegen": 0.0,
        "movementSpeedPercent": 0.0,
        "cost": 2600,
        "id": 3102
    },
    {
        "movementSpeed": 0.0,
        "health": 0.0,
        "crit": 0.0,
        "abilityPower": 0.0,
        "mana": 0.0,
        "armour": 30,
        "magicResist": 30,
        "physicalDamage": 0.0,
        "attackSpeed": 0.0,
        "lifeSteal": 0.0,
        "hpRegen": 0.0,
        "movementSpeedPercent": 0.0,
        "cost": 1500,
        "id": 3105
    },
    {
        "movementSpeed": 0.0,
        "health": 200,
        "crit": 0.0,
        "abilityPower": 0.0,
        "mana": 0.0,
        "armour": 0.0,
        "magicResist": 0.0,
        "physicalDamage": 0.0,
        "attackSpeed": 0.0,
        "lifeSteal": 0.0,
        "hpRegen": 0.0,
        "movementSpeedPercent": 0.0,
        "cost": 2300,
        "id": 3107
    },
    {
        "movementSpeed": 0.0,
        "health": 0.0,
        "crit": 0.0,
        "abilityPower": 35,
        "mana": 0.0,
        "armour": 0.0,
        "magicResist": 0.0,
        "physicalDamage": 0.0,
        "attackSpeed": 0.0,
        "lifeSteal": 0.0,
        "hpRegen": 0.0,
        "movementSpeedPercent": 0.0,
        "cost": 900,
        "id": 3108
    },
    {
        "movementSpeed": 0.0,
        "health": 400,
        "crit": 0.0,
        "abilityPower": 0.0,
        "mana": 0.0,
        "armour": 0.0,
        "magicResist": 0.0,
        "physicalDamage": 0.0,
        "attackSpeed": 0.0,
        "lifeSteal": 0.0,
        "hpRegen": 0.0,
        "movementSpeedPercent": 0.0,
        "cost": 2300,
        "id": 3109
    },
    {
        "movementSpeed": 0.0,
        "health": 0.0,
        "crit": 0.0,
        "abilityPower": 0.0,
        "mana": 400,
        "armour": 80,
        "magicResist": 0.0,
        "physicalDamage": 0.0,
        "attackSpeed": 0.0,
        "lifeSteal": 0.0,
        "hpRegen": 0.0,
        "movementSpeedPercent": 0.0,
        "cost": 2500,
        "id": 3110
    },
    {
        "movementSpeed": 45,
        "health": 0.0,
        "crit": 0.0,
        "abilityPower": 0.0,
        "mana": 0.0,
        "armour": 0.0,
        "magicResist": 25,
        "physicalDamage": 0.0,
        "attackSpeed": 0.0,
        "lifeSteal": 0.0,
        "hpRegen": 0.0,
        "movementSpeedPercent": 0.0,
        "cost": 1100,
        "id": 3111
    },
    {
        "movementSpeed": 0.0,
        "health": 150,
        "crit": 0.0,
        "abilityPower": 40,
        "mana": 0.0,
        "armour": 0.0,
        "magicResist": 0.0,
        "physicalDamage": 0.0,
        "attackSpeed": 0.0,
        "lifeSteal": 0.0,
        "hpRegen": 0.0,
        "movementSpeedPercent": 0.0,
        "cost": 950,
        "id": 3112
    },
    {
        "movementSpeed": 0.0,
        "health": 0.0,
        "crit": 0.0,
        "abilityPower": 30,
        "mana": 0.0,
        "armour": 0.0,
        "magicResist": 0.0,
        "physicalDamage": 0.0,
        "attackSpeed": 0.0,
        "lifeSteal": 0.0,
        "hpRegen": 0.0,
        "movementSpeedPercent": 0.0,
        "cost": 850,
        "id": 3113
    },
    {
        "movementSpeed": 0.0,
        "health": 0.0,
        "crit": 0.0,
        "abilityPower": 0.0,
        "mana": 0.0,
        "armour": 0.0,
        "magicResist": 0.0,
        "physicalDamage": 0.0,
        "attackSpeed": 0.0,
        "lifeSteal": 0.0,
        "hpRegen": 0.0,
        "movementSpeedPercent": 0.0,
        "cost": 800,
        "id": 3114
    },
    {
        "movementSpeed": 0.0,
        "health": 0.0,
        "crit": 0.0,
        "abilityPower": 100,
        "mana": 0.0,
        "armour": 0.0,
        "magicResist": 0.0,
        "physicalDamage": 0.0,
        "attackSpeed": 0.5,
        "lifeSteal": 0.0,
        "hpRegen": 0.0,
        "movementSpeedPercent": 0.0,
        "cost": 3000,
        "id": 3115
    },
    {
        "movementSpeed": 0.0,
        "health": 350,
        "crit": 0.0,
        "abilityPower": 90,
        "mana": 0.0,
        "armour": 0.0,
        "magicResist": 0.0,
        "physicalDamage": 0.0,
        "attackSpeed": 0.0,
        "lifeSteal": 0.0,
        "hpRegen": 0.0,
        "movementSpeedPercent": 0.0,
        "cost": 3000,
        "id": 3116
    },
    {
        "movementSpeed": 115,
        "health": 0.0,
        "crit": 0.0,
        "abilityPower": 0.0,
        "mana": 0.0,
        "armour": 0.0,
        "magicResist": 0.0,
        "physicalDamage": 0.0,
        "attackSpeed": 0.0,
        "lifeSteal": 0.0,
        "hpRegen": 0.0,
        "movementSpeedPercent": 0.0,
        "cost": 1000,
        "id": 3117
    },
    {
        "movementSpeed": 0.0,
        "health": 0.0,
        "crit": 0.0,
        "abilityPower": 0.0,
        "mana": 0.0,
        "armour": 0.0,
        "magicResist": 0.0,
        "physicalDamage": 15,
        "attackSpeed": 0.0,
        "lifeSteal": 0.0,
        "hpRegen": 0.0,
        "movementSpeedPercent": 0.0,
        "cost": 800,
        "id": 3123
    },
    {
        "movementSpeed": 0.0,
        "health": 0.0,
        "crit": 0.2,
        "abilityPower": 0.0,
        "mana": 0.0,
        "armour": 0.0,
        "magicResist": 0.0,
        "physicalDamage": 0.0,
        "attackSpeed": 0.45,
        "lifeSteal": 0.0,
        "hpRegen": 0.0,
        "movementSpeedPercent": 0.0,
        "cost": 2800,
        "id": 3124
    },
    {
        "movementSpeed": 0.0,
        "health": 0.0,
        "crit": 0.0,
        "abilityPower": 0.0,
        "mana": 0.0,
        "armour": 0.0,
        "magicResist": 0.0,
        "physicalDamage": 25,
        "attackSpeed": 0.0,
        "lifeSteal": 0.0,
        "hpRegen": 0.0,
        "movementSpeedPercent": 0.0,
        "cost": 1100,
        "id": 3133
    },
    {
        "movementSpeed": 0.0,
        "health": 0.0,
        "crit": 0.0,
        "abilityPower": 0.0,
        "mana": 0.0,
        "armour": 0.0,
        "magicResist": 0.0,
        "physicalDamage": 30,
        "attackSpeed": 0.0,
        "lifeSteal": 0.0,
        "hpRegen": 0.0,
        "movementSpeedPercent": 0.0,
        "cost": 1100,
        "id": 3134
    },
    {
        "movementSpeed": 0.0,
        "health": 0.0,
        "crit": 0.0,
        "abilityPower": 70,
        "mana": 0.0,
        "armour": 0.0,
        "magicResist": 0.0,
        "physicalDamage": 0.0,
        "attackSpeed": 0.0,
        "lifeSteal": 0.0,
        "hpRegen": 0.0,
        "movementSpeedPercent": 0.0,
        "cost": 2700,
        "id": 3135
    },
    {
        "movementSpeed": 0.0,
        "health": 0.0,
        "crit": 0.2,
        "abilityPower": 0.0,
        "mana": 0.0,
        "armour": 0.0,
        "magicResist": 30,
        "physicalDamage": 40,
        "attackSpeed": 0.0,
        "lifeSteal": 0.0,
        "hpRegen": 0.0,
        "movementSpeedPercent": 0.0,
        "cost": 3000,
        "id": 3139
    },
    {
        "movementSpeed": 0.0,
        "health": 0.0,
        "crit": 0.0,
        "abilityPower": 0.0,
        "mana": 0.0,
        "armour": 0.0,
        "magicResist": 30,
        "physicalDamage": 0.0,
        "attackSpeed": 0.0,
        "lifeSteal": 0.0,
        "hpRegen": 0.0,
        "movementSpeedPercent": 0.0,
        "cost": 1300,
        "id": 3140
    },
    {
        "movementSpeed": 0.0,
        "health": 0.0,
        "crit": 0.0,
        "abilityPower": 0.0,
        "mana": 0.0,
        "armour": 0.0,
        "magicResist": 0.0,
        "physicalDamage": 60,
        "attackSpeed": 0.0,
        "lifeSteal": 0.0,
        "hpRegen": 0.0,
        "movementSpeedPercent": 0.0,
        "cost": 3000,
        "id": 3142
    },
    {
        "movementSpeed": 0.0,
        "health": 250,
        "crit": 0.0,
        "abilityPower": 0.0,
        "mana": 0.0,
        "armour": 80,
        "magicResist": 0.0,
        "physicalDamage": 0.0,
        "attackSpeed": 0.0,
        "lifeSteal": 0.0,
        "hpRegen": 0.0,
        "movementSpeedPercent": 0.0,
        "cost": 2700,
        "id": 3143
    },
    {
        "movementSpeed": 0.0,
        "health": 0.0,
        "crit": 0.0,
        "abilityPower": 40,
        "mana": 0.0,
        "armour": 0.0,
        "magicResist": 0.0,
        "physicalDamage": 0.0,
        "attackSpeed": 0.0,
        "lifeSteal": 0.0,
        "hpRegen": 0.0,
        "movementSpeedPercent": 0.0,
        "cost": 1050,
        "id": 3145
    },
    {
        "movementSpeed": 0.0,
        "health": 250,
        "crit": 0.0,
        "abilityPower": 90,
        "mana": 0.0,
        "armour": 0.0,
        "magicResist": 0.0,
        "physicalDamage": 0.0,
        "attackSpeed": 0.0,
        "lifeSteal": 0.0,
        "hpRegen": 0.0,
        "movementSpeedPercent": 0.0,
        "cost": 3200,
        "id": 3152
    },
    {
        "movementSpeed": 0.0,
        "health": 0.0,
        "crit": 0.0,
        "abilityPower": 0.0,
        "mana": 0.0,
        "armour": 0.0,
        "magicResist": 0.0,
        "physicalDamage": 40,
        "attackSpeed": 0.25,
        "lifeSteal": 0.1,
        "hpRegen": 0.0,
        "movementSpeedPercent": 0.0,
        "cost": 3200,
        "id": 3153
    },
    {
        "movementSpeed": 0.0,
        "health": 0.0,
        "crit": 0.0,
        "abilityPower": 0.0,
        "mana": 0.0,
        "armour": 0.0,
        "magicResist": 35,
        "physicalDamage": 20,
        "attackSpeed": 0.0,
        "lifeSteal": 0.0,
        "hpRegen": 0.0,
        "movementSpeedPercent": 0.0,
        "cost": 1300,
        "id": 3155
    },
    {
        "movementSpeed": 0.0,
        "health": 0.0,
        "crit": 0.0,
        "abilityPower": 0.0,
        "mana": 0.0,
        "armour": 0.0,
        "magicResist": 50,
        "physicalDamage": 50,
        "attackSpeed": 0.0,
        "lifeSteal": 0.0,
        "hpRegen": 0.0,
        "movementSpeedPercent": 0.0,
        "cost": 2800,
        "id": 3156
    },
    {
        "movementSpeed": 0.0,
        "health": 0.0,
        "crit": 0.0,
        "abilityPower": 65,
        "mana": 0.0,
        "armour": 45,
        "magicResist": 0.0,
        "physicalDamage": 0.0,
        "attackSpeed": 0.0,
        "lifeSteal": 0.0,
        "hpRegen": 0.0,
        "movementSpeedPercent": 0.0,
        "cost": 2600,
        "id": 3157
    },
    {
        "movementSpeed": 45,
        "health": 0.0,
        "crit": 0.0,
        "abilityPower": 0.0,
        "mana": 0.0,
        "armour": 0.0,
        "magicResist": 0.0,
        "physicalDamage": 0.0,
        "attackSpeed": 0.0,
        "lifeSteal": 0.0,
        "hpRegen": 0.0,
        "movementSpeedPercent": 0.0,
        "cost": 950,
        "id": 3158
    },
    {
        "movementSpeed": 0.0,
        "health": 250,
        "crit": 0.0,
        "abilityPower": 80,
        "mana": 0.0,
        "armour": 0.0,
        "magicResist": 0.0,
        "physicalDamage": 0.0,
        "attackSpeed": 0.0,
        "lifeSteal": 0.0,
        "hpRegen": 0.0,
        "movementSpeedPercent": 0.0,
        "cost": 2500,
        "id": 3165
    },
    {
        "movementSpeed": 0.0,
        "health": 150,
        "crit": 0.0,
        "abilityPower": 0.0,
        "mana": 0.0,
        "armour": 0.0,
        "magicResist": 0.0,
        "physicalDamage": 30,
        "attackSpeed": 0.0,
        "lifeSteal": 0.0,
        "hpRegen": 0.0,
        "movementSpeedPercent": 0.0,
        "cost": 950,
        "id": 3177
    },
    {
        "movementSpeed": 0.0,
        "health": 0.0,
        "crit": 0.0,
        "abilityPower": 0.0,
        "mana": 0.0,
        "armour": 0.0,
        "magicResist": 0.0,
        "physicalDamage": 50,
        "attackSpeed": 0.0,
        "lifeSteal": 0.0,
        "hpRegen": 0.0,
        "movementSpeedPercent": 0.0,
        "cost": 2600,
        "id": 3179
    },
    {
        "movementSpeed": 0.0,
        "health": 0.0,
        "crit": 0.0,
        "abilityPower": 0.0,
        "mana": 0.0,
        "armour": 0.0,
        "magicResist": 0.0,
        "physicalDamage": 50,
        "attackSpeed": 0.0,
        "lifeSteal": 0.0,
        "hpRegen": 0.0,
        "movementSpeedPercent": 0.0,
        "cost": 3000,
        "id": 3181
    },
    {
        "movementSpeed": 0.0,
        "health": 150,
        "crit": 0.0,
        "abilityPower": 0.0,
        "mana": 0.0,
        "armour": 0.0,
        "magicResist": 0.0,
        "physicalDamage": 25,
        "attackSpeed": 0.0,
        "lifeSteal": 0.1,
        "hpRegen": 0.0,
        "movementSpeedPercent": 0.0,
        "cost": 950,
        "id": 3184
    },
    {
        "movementSpeed": 0.0,
        "health": 200,
        "crit": 0.0,
        "abilityPower": 0.0,
        "mana": 0.0,
        "armour": 30,
        "magicResist": 30,
        "physicalDamage": 0.0,
        "attackSpeed": 0.0,
        "lifeSteal": 0.0,
        "hpRegen": 0.0,
        "movementSpeedPercent": 0.0,
        "cost": 2500,
        "id": 3190
    },
    {
        "movementSpeed": 0.0,
        "health": 0.0,
        "crit": 0.0,
        "abilityPower": 20,
        "mana": 0.0,
        "armour": 15,
        "magicResist": 0.0,
        "physicalDamage": 0.0,
        "attackSpeed": 0.0,
        "lifeSteal": 0.0,
        "hpRegen": 0.0,
        "movementSpeedPercent": 0.0,
        "cost": 1000,
        "id": 3191
    },
    {
        "movementSpeed": 0.0,
        "health": 0.0,
        "crit": 0.0,
        "abilityPower": 0.0,
        "mana": 0.0,
        "armour": 60,
        "magicResist": 60,
        "physicalDamage": 0.0,
        "attackSpeed": 0.0,
        "lifeSteal": 0.0,
        "hpRegen": 0.0,
        "movementSpeedPercent": 0.0,
        "cost": 3300,
        "id": 3193
    },
    {
        "movementSpeed": 0.0,
        "health": 250,
        "crit": 0.0,
        "abilityPower": 0.0,
        "mana": 0.0,
        "armour": 0.0,
        "magicResist": 25,
        "physicalDamage": 0.0,
        "attackSpeed": 0.0,
        "lifeSteal": 0.0,
        "hpRegen": 0.0,
        "movementSpeedPercent": 0.0,
        "cost": 1250,
        "id": 3211
    },
    {
        "movementSpeed": 0.0,
        "health": 0.0,
        "crit": 0.0,
        "abilityPower": 0.0,
        "mana": 0.0,
        "armour": 0.0,
        "magicResist": 50,
        "physicalDamage": 0.0,
        "attackSpeed": 0.0,
        "lifeSteal": 0.0,
        "hpRegen": 0.0,
        "movementSpeedPercent": 0.0,
        "cost": 2300,
        "id": 3222
    },
    {
        "movementSpeed": 0.0,
        "health": 0.0,
        "crit": 0.0,
        "abilityPower": 0.0,
        "mana": 0.0,
        "armour": 0.0,
        "magicResist": 0.0,
        "physicalDamage": 0.0,
        "attackSpeed": 0.0,
        "lifeSteal": 0.0,
        "hpRegen": 0.0,
        "movementSpeedPercent": 0.0,
        "cost": 0,
        "id": 3330
    },
    {
        "movementSpeed": 0.0,
        "health": 0.0,
        "crit": 0.0,
        "abilityPower": 0.0,
        "mana": 0.0,
        "armour": 0.0,
        "magicResist": 0.0,
        "physicalDamage": 0.0,
        "attackSpeed": 0.0,
        "lifeSteal": 0.0,
        "hpRegen": 0.0,
        "movementSpeedPercent": 0.0,
        "cost": 0,
        "id": 3340
    },
    {
        "movementSpeed": 0.0,
        "health": 0.0,
        "crit": 0.0,
        "abilityPower": 0.0,
        "mana": 0.0,
        "armour": 0.0,
        "magicResist": 0.0,
        "physicalDamage": 0.0,
        "attackSpeed": 0.0,
        "lifeSteal": 0.0,
        "hpRegen": 0.0,
        "movementSpeedPercent": 0.0,
        "cost": 0,
        "id": 3363
    },
    {
        "movementSpeed": 0.0,
        "health": 0.0,
        "crit": 0.0,
        "abilityPower": 0.0,
        "mana": 0.0,
        "armour": 0.0,
        "magicResist": 0.0,
        "physicalDamage": 0.0,
        "attackSpeed": 0.0,
        "lifeSteal": 0.0,
        "hpRegen": 0.0,
        "movementSpeedPercent": 0.0,
        "cost": 0,
        "id": 3364
    },
    {
        "movementSpeed": 0.0,
        "health": 0.0,
        "crit": 0.0,
        "abilityPower": 0.0,
        "mana": 0.0,
        "armour": 0.0,
        "magicResist": 0.0,
        "physicalDamage": 0.0,
        "attackSpeed": 0.0,
        "lifeSteal": 0.0,
        "hpRegen": 0.0,
        "movementSpeedPercent": 0.0,
        "cost": 0,
        "id": 3400
    },
    {
        "movementSpeed": 0.0,
        "health": 0.0,
        "crit": 0.0,
        "abilityPower": 60,
        "mana": 0.0,
        "armour": 0.0,
        "magicResist": 0.0,
        "physicalDamage": 0.0,
        "attackSpeed": 0.0,
        "lifeSteal": 0.0,
        "hpRegen": 0.0,
        "movementSpeedPercent": 0.0,
        "cost": 2300,
        "id": 3504
    },
    {
        "movementSpeed": 0.0,
        "health": 0.0,
        "crit": 0.2,
        "abilityPower": 0.0,
        "mana": 0.0,
        "armour": 0.0,
        "magicResist": 0.0,
        "physicalDamage": 45,
        "attackSpeed": 0.0,
        "lifeSteal": 0.0,
        "hpRegen": 0.0,
        "movementSpeedPercent": 0.0,
        "cost": 2800,
        "id": 3508
    },
    {
        "movementSpeed": 0.0,
        "health": 0.0,
        "crit": 0.0,
        "abilityPower": 0.0,
        "mana": 0.0,
        "armour": 0.0,
        "magicResist": 0.0,
        "physicalDamage": 0.0,
        "attackSpeed": 0.0,
        "lifeSteal": 0.0,
        "hpRegen": 0.0,
        "movementSpeedPercent": 0.0,
        "cost": 0,
        "id": 3513
    },
    {
        "movementSpeed": 0.0,
        "health": 0.0,
        "crit": 0.0,
        "abilityPower": 0.0,
        "mana": 0.0,
        "armour": 0.0,
        "magicResist": 0.0,
        "physicalDamage": 0.0,
        "attackSpeed": 0.0,
        "lifeSteal": 0.0,
        "hpRegen": 0.0,
        "movementSpeedPercent": 0.0,
        "cost": 0,
        "id": 3599
    },
    {
        "movementSpeed": 0.0,
        "health": 0.0,
        "crit": 0.0,
        "abilityPower": 0.0,
        "mana": 0.0,
        "armour": 0.0,
        "magicResist": 0.0,
        "physicalDamage": 0.0,
        "attackSpeed": 0.0,
        "lifeSteal": 0.0,
        "hpRegen": 0.0,
        "movementSpeedPercent": 0.0,
        "cost": 0,
        "id": 3600
    },
    {
        "movementSpeed": 0.0,
        "health": 400,
        "crit": 0.0,
        "abilityPower": 0.0,
        "mana": 0.0,
        "armour": 40,
        "magicResist": 0.0,
        "physicalDamage": 0.0,
        "attackSpeed": 0.0,
        "lifeSteal": 0.0,
        "hpRegen": 0.0,
        "movementSpeedPercent": 0.05,
        "cost": 2900,
        "id": 3742
    },
    {
        "movementSpeed": 0.0,
        "health": 500,
        "crit": 0.0,
        "abilityPower": 0.0,
        "mana": 0.0,
        "armour": 0.0,
        "magicResist": 0.0,
        "physicalDamage": 30,
        "attackSpeed": 0.0,
        "lifeSteal": 0.0,
        "hpRegen": 0.0,
        "movementSpeedPercent": 0.0,
        "cost": 3300,
        "id": 3748
    },
    {
        "movementSpeed": 0.0,
        "health": 200,
        "crit": 0.0,
        "abilityPower": 0.0,
        "mana": 0.0,
        "armour": 0.0,
        "magicResist": 0.0,
        "physicalDamage": 0.0,
        "attackSpeed": 0.0,
        "lifeSteal": 0.0,
        "hpRegen": 0.0,
        "movementSpeedPercent": 0.0,
        "cost": 650,
        "id": 3801
    },
    {
        "movementSpeed": 0.0,
        "health": 0.0,
        "crit": 0.0,
        "abilityPower": 40,
        "mana": 300,
        "armour": 0.0,
        "magicResist": 0.0,
        "physicalDamage": 0.0,
        "attackSpeed": 0.0,
        "lifeSteal": 0.0,
        "hpRegen": 0.0,
        "movementSpeedPercent": 0.0,
        "cost": 1300,
        "id": 3802
    },
    {
        "movementSpeed": 0.0,
        "health": 325,
        "crit": 0.0,
        "abilityPower": 0.0,
        "mana": 0.0,
        "armour": 0.0,
        "magicResist": 0.0,
        "physicalDamage": 50,
        "attackSpeed": 0.0,
        "lifeSteal": 0.0,
        "hpRegen": 0.0,
        "movementSpeedPercent": 0.0,
        "cost": 2900,
        "id": 3814
    },
    {
        "movementSpeed": 0.0,
        "health": 10,
        "crit": 0.0,
        "abilityPower": 8,
        "mana": 0.0,
        "armour": 0.0,
        "magicResist": 0.0,
        "physicalDamage": 0.0,
        "attackSpeed": 0.0,
        "lifeSteal": 0.0,
        "hpRegen": 0.0,
        "movementSpeedPercent": 0.0,
        "cost": 400,
        "id": 3850
    },
    {
        "movementSpeed": 0.0,
        "health": 70,
        "crit": 0.0,
        "abilityPower": 15,
        "mana": 0.0,
        "armour": 0.0,
        "magicResist": 0.0,
        "physicalDamage": 0.0,
        "attackSpeed": 0.0,
        "lifeSteal": 0.0,
        "hpRegen": 0.0,
        "movementSpeedPercent": 0.0,
        "cost": 400,
        "id": 3851
    },
    {
        "movementSpeed": 0.0,
        "health": 75,
        "crit": 0.0,
        "abilityPower": 40,
        "mana": 0.0,
        "armour": 0.0,
        "magicResist": 0.0,
        "physicalDamage": 0.0,
        "attackSpeed": 0.0,
        "lifeSteal": 0.0,
        "hpRegen": 0.0,
        "movementSpeedPercent": 0.0,
        "cost": 400,
        "id": 3853
    },
    {
        "movementSpeed": 0.0,
        "health": 30,
        "crit": 0.0,
        "abilityPower": 0.0,
        "mana": 0.0,
        "armour": 0.0,
        "magicResist": 0.0,
        "physicalDamage": 3,
        "attackSpeed": 0.0,
        "lifeSteal": 0.0,
        "hpRegen": 0.0,
        "movementSpeedPercent": 0.0,
        "cost": 400,
        "id": 3854
    },
    {
        "movementSpeed": 0.0,
        "health": 100,
        "crit": 0.0,
        "abilityPower": 0.0,
        "mana": 0.0,
        "armour": 0.0,
        "magicResist": 0.0,
        "physicalDamage": 6,
        "attackSpeed": 0.0,
        "lifeSteal": 0.0,
        "hpRegen": 0.0,
        "movementSpeedPercent": 0.0,
        "cost": 400,
        "id": 3855
    },
    {
        "movementSpeed": 0.0,
        "health": 250,
        "crit": 0.0,
        "abilityPower": 0.0,
        "mana": 0.0,
        "armour": 0.0,
        "magicResist": 0.0,
        "physicalDamage": 15,
        "attackSpeed": 0.0,
        "lifeSteal": 0.0,
        "hpRegen": 0.0,
        "movementSpeedPercent": 0.0,
        "cost": 400,
        "id": 3857
    },
    {
        "movementSpeed": 0.0,
        "health": 30,
        "crit": 0.0,
        "abilityPower": 5,
        "mana": 0.0,
        "armour": 0.0,
        "magicResist": 0.0,
        "physicalDamage": 0.0,
        "attackSpeed": 0.0,
        "lifeSteal": 0.0,
        "hpRegen": 0.0,
        "movementSpeedPercent": 0.0,
        "cost": 400,
        "id": 3858
    },
    {
        "movementSpeed": 0.0,
        "health": 100,
        "crit": 0.0,
        "abilityPower": 10,
        "mana": 0.0,
        "armour": 0.0,
        "magicResist": 0.0,
        "physicalDamage": 0.0,
        "attackSpeed": 0.0,
        "lifeSteal": 0.0,
        "hpRegen": 0.0,
        "movementSpeedPercent": 0.0,
        "cost": 400,
        "id": 3859
    },
    {
        "movementSpeed": 0.0,
        "health": 250,
        "crit": 0.0,
        "abilityPower": 20,
        "mana": 0.0,
        "armour": 0.0,
        "magicResist": 0.0,
        "physicalDamage": 0.0,
        "attackSpeed": 0.0,
        "lifeSteal": 0.0,
        "hpRegen": 0.0,
        "movementSpeedPercent": 0.0,
        "cost": 400,
        "id": 3860
    },
    {
        "movementSpeed": 0.0,
        "health": 10,
        "crit": 0.0,
        "abilityPower": 0.0,
        "mana": 0.0,
        "armour": 0.0,
        "magicResist": 0.0,
        "physicalDamage": 5,
        "attackSpeed": 0.0,
        "lifeSteal": 0.0,
        "hpRegen": 0.0,
        "movementSpeedPercent": 0.0,
        "cost": 400,
        "id": 3862
    },
    {
        "movementSpeed": 0.0,
        "health": 60,
        "crit": 0.0,
        "abilityPower": 0.0,
        "mana": 0.0,
        "armour": 0.0,
        "magicResist": 0.0,
        "physicalDamage": 10,
        "attackSpeed": 0.0,
        "lifeSteal": 0.0,
        "hpRegen": 0.0,
        "movementSpeedPercent": 0.0,
        "cost": 400,
        "id": 3863
    },
    {
        "movementSpeed": 0.0,
        "health": 75,
        "crit": 0.0,
        "abilityPower": 0.0,
        "mana": 0.0,
        "armour": 0.0,
        "magicResist": 0.0,
        "physicalDamage": 20,
        "attackSpeed": 0.0,
        "lifeSteal": 0.0,
        "hpRegen": 0.0,
        "movementSpeedPercent": 0.0,
        "cost": 400,
        "id": 3864
    },
    {
        "movementSpeed": 0.0,
        "health": 0.0,
        "crit": 0.0,
        "abilityPower": 30,
        "mana": 0.0,
        "armour": 0.0,
        "magicResist": 0.0,
        "physicalDamage": 0.0,
        "attackSpeed": 0.0,
        "lifeSteal": 0.0,
        "hpRegen": 0.0,
        "movementSpeedPercent": 0.0,
        "cost": 800,
        "id": 3916
    },
    {
        "movementSpeed": 0.0,
        "health": 200,
        "crit": 0.0,
        "abilityPower": 40,
        "mana": 0.0,
        "armour": 0.0,
        "magicResist": 0.0,
        "physicalDamage": 0.0,
        "attackSpeed": 0.0,
        "lifeSteal": 0.0,
        "hpRegen": 0.0,
        "movementSpeedPercent": 0.0,
        "cost": 2500,
        "id": 4005
    },
    {
        "movementSpeed": 0.0,
        "health": 350,
        "crit": 0.0,
        "abilityPower": 0.0,
        "mana": 0.0,
        "armour": 0.0,
        "magicResist": 60,
        "physicalDamage": 0.0,
        "attackSpeed": 0.0,
        "lifeSteal": 0.0,
        "hpRegen": 0.0,
        "movementSpeedPercent": 0.05,
        "cost": 2900,
        "id": 4401
    },
    {
        "movementSpeed": 0.0,
        "health": 250,
        "crit": 0.3,
        "abilityPower": 120,
        "mana": 250,
        "armour": 30,
        "magicResist": 30,
        "physicalDamage": 70,
        "attackSpeed": 0.5,
        "lifeSteal": 0.1,
        "hpRegen": 0.0,
        "movementSpeedPercent": 0.1,
        "cost": 7487,
        "id": 4403
    },
    {
        "movementSpeed": 0.0,
        "health": 0.0,
        "crit": 0.0,
        "abilityPower": 115,
        "mana": 0.0,
        "armour": 0.0,
        "magicResist": 0.0,
        "physicalDamage": 0.0,
        "attackSpeed": 0.0,
        "lifeSteal": 0.0,
        "hpRegen": 0.0,
        "movementSpeedPercent": 0.0,
        "cost": 3000,
        "id": 4628
    },
    {
        "movementSpeed": 0.0,
        "health": 200,
        "crit": 0.0,
        "abilityPower": 75,
        "mana": 0.0,
        "armour": 0.0,
        "magicResist": 0.0,
        "physicalDamage": 0.0,
        "attackSpeed": 0.0,
        "lifeSteal": 0.0,
        "hpRegen": 0.0,
        "movementSpeedPercent": 0.0,
        "cost": 3000,
        "id": 4629
    },
    {
        "movementSpeed": 0.0,
        "health": 0.0,
        "crit": 0.0,
        "abilityPower": 25,
        "mana": 0.0,
        "armour": 0.0,
        "magicResist": 0.0,
        "physicalDamage": 0.0,
        "attackSpeed": 0.0,
        "lifeSteal": 0.0,
        "hpRegen": 0.0,
        "movementSpeedPercent": 0.0,
        "cost": 1250,
        "id": 4630
    },
    {
        "movementSpeed": 0.0,
        "health": 0.0,
        "crit": 0.0,
        "abilityPower": 20,
        "mana": 0.0,
        "armour": 0.0,
        "magicResist": 25,
        "physicalDamage": 0.0,
        "attackSpeed": 0.0,
        "lifeSteal": 0.0,
        "hpRegen": 0.0,
        "movementSpeedPercent": 0.0,
        "cost": 1000,
        "id": 4632
    },
    {
        "movementSpeed": 0.0,
        "health": 300,
        "crit": 0.0,
        "abilityPower": 80,
        "mana": 0.0,
        "armour": 0.0,
        "magicResist": 0.0,
        "physicalDamage": 0.0,
        "attackSpeed": 0.0,
        "lifeSteal": 0.0,
        "hpRegen": 0.0,
        "movementSpeedPercent": 0.0,
        "cost": 3200,
        "id": 4633
    },
    {
        "movementSpeed": 0.0,
        "health": 250,
        "crit": 0.0,
        "abilityPower": 20,
        "mana": 0.0,
        "armour": 0.0,
        "magicResist": 0.0,
        "physicalDamage": 0.0,
        "attackSpeed": 0.0,
        "lifeSteal": 0.0,
        "hpRegen": 0.0,
        "movementSpeedPercent": 0.0,
        "cost": 1300,
        "id": 4635
    },
    {
        "movementSpeed": 0.0,
        "health": 300,
        "crit": 0.0,
        "abilityPower": 90,
        "mana": 0.0,
        "armour": 0.0,
        "magicResist": 0.0,
        "physicalDamage": 0.0,
        "attackSpeed": 0.0,
        "lifeSteal": 0.0,
        "hpRegen": 0.0,
        "movementSpeedPercent": 0.0,
        "cost": 3200,
        "id": 4636
    },
    {
        "movementSpeed": 0.0,
        "health": 350,
        "crit": 0.0,
        "abilityPower": 70,
        "mana": 0.0,
        "armour": 0.0,
        "magicResist": 0.0,
        "physicalDamage": 0.0,
        "attackSpeed": 0.0,
        "lifeSteal": 0.0,
        "hpRegen": 0.0,
        "movementSpeedPercent": 0.0,
        "cost": 3000,
        "id": 4637
    },
    {
        "movementSpeed": 0.0,
        "health": 0.0,
        "crit": 0.0,
        "abilityPower": 0.0,
        "mana": 0.0,
        "armour": 0.0,
        "magicResist": 0.0,
        "physicalDamage": 0.0,
        "attackSpeed": 0.0,
        "lifeSteal": 0.0,
        "hpRegen": 0.0,
        "movementSpeedPercent": 0.0,
        "cost": 1100,
        "id": 4638
    },
    {
        "movementSpeed": 0.0,
        "health": 0.0,
        "crit": 0.0,
        "abilityPower": 0.0,
        "mana": 0.0,
        "armour": 0.0,
        "magicResist": 0.0,
        "physicalDamage": 0.0,
        "attackSpeed": 0.0,
        "lifeSteal": 0.0,
        "hpRegen": 0.0,
        "movementSpeedPercent": 0.0,
        "cost": 1100,
        "id": 4641
    },
    {
        "movementSpeed": 0.0,
        "health": 0.0,
        "crit": 0.0,
        "abilityPower": 20,
        "mana": 0.0,
        "armour": 0.0,
        "magicResist": 0.0,
        "physicalDamage": 0.0,
        "attackSpeed": 0.0,
        "lifeSteal": 0.0,
        "hpRegen": 0.0,
        "movementSpeedPercent": 0.0,
        "cost": 950,
        "id": 4642
    },
    {
        "movementSpeed": 0.0,
        "health": 0.0,
        "crit": 0.0,
        "abilityPower": 0.0,
        "mana": 0.0,
        "armour": 0.0,
        "magicResist": 0.0,
        "physicalDamage": 0.0,
        "attackSpeed": 0.0,
        "lifeSteal": 0.0,
        "hpRegen": 0.0,
        "movementSpeedPercent": 0.1,
        "cost": 2300,
        "id": 4643
    },
    {
        "movementSpeed": 0.0,
        "health": 0.0,
        "crit": 0.0,
        "abilityPower": 0.0,
        "mana": 0.0,
        "armour": 0.0,
        "magicResist": 0.0,
        "physicalDamage": 30,
        "attackSpeed": 0.0,
        "lifeSteal": 0.0,
        "hpRegen": 0.0,
        "movementSpeedPercent": 0.0,
        "cost": 1100,
        "id": 6029
    },
    {
        "movementSpeed": 0.0,
        "health": 300,
        "crit": 0.0,
        "abilityPower": 0.0,
        "mana": 0.0,
        "armour": 0.0,
        "magicResist": 35,
        "physicalDamage": 40,
        "attackSpeed": 0.0,
        "lifeSteal": 0.0,
        "hpRegen": 0.0,
        "movementSpeedPercent": 0.0,
        "cost": 3000,
        "id": 6035
    },
    {
        "movementSpeed": 0.0,
        "health": 0.0,
        "crit": 0.0,
        "abilityPower": 0.0,
        "mana": 0.0,
        "armour": 40,
        "magicResist": 0.0,
        "physicalDamage": 50,
        "attackSpeed": 0.0,
        "lifeSteal": 0.0,
        "hpRegen": 0.0,
        "movementSpeedPercent": 0.0,
        "cost": 3100,
        "id": 6333
    },
    {
        "movementSpeed": 0.0,
        "health": 250,
        "crit": 0.0,
        "abilityPower": 0.0,
        "mana": 0.0,
        "armour": 0.0,
        "magicResist": 0.0,
        "physicalDamage": 45,
        "attackSpeed": 0.0,
        "lifeSteal": 0.0,
        "hpRegen": 0.0,
        "movementSpeedPercent": 0.0,
        "cost": 2600,
        "id": 6609
    },
    {
        "movementSpeed": 0.0,
        "health": 0.0,
        "crit": 0.0,
        "abilityPower": 50,
        "mana": 0.0,
        "armour": 0.0,
        "magicResist": 0.0,
        "physicalDamage": 0.0,
        "attackSpeed": 0.0,
        "lifeSteal": 0.0,
        "hpRegen": 0.0,
        "movementSpeedPercent": 0.0,
        "cost": 2300,
        "id": 6616
    },
    {
        "movementSpeed": 0.0,
        "health": 200,
        "crit": 0.0,
        "abilityPower": 40,
        "mana": 0.0,
        "armour": 0.0,
        "magicResist": 0.0,
        "physicalDamage": 0.0,
        "attackSpeed": 0.0,
        "lifeSteal": 0.0,
        "hpRegen": 0.0,
        "movementSpeedPercent": 0.0,
        "cost": 2500,
        "id": 6617
    },
    {
        "movementSpeed": 0.0,
        "health": 400,
        "crit": 0.0,
        "abilityPower": 0.0,
        "mana": 0.0,
        "armour": 0.0,
        "magicResist": 0.0,
        "physicalDamage": 45,
        "attackSpeed": 0.0,
        "lifeSteal": 0.0,
        "hpRegen": 0.0,
        "movementSpeedPercent": 0.0,
        "cost": 3300,
        "id": 6630
    },
    {
        "movementSpeed": 0.0,
        "health": 200,
        "crit": 0.0,
        "abilityPower": 0.0,
        "mana": 0.0,
        "armour": 0.0,
        "magicResist": 0.0,
        "physicalDamage": 45,
        "attackSpeed": 0.2,
        "lifeSteal": 0.0,
        "hpRegen": 0.0,
        "movementSpeedPercent": 0.0,
        "cost": 3300,
        "id": 6631
    },
    {
        "movementSpeed": 0.0,
        "health": 400,
        "crit": 0.0,
        "abilityPower": 0.0,
        "mana": 0.0,
        "armour": 0.0,
        "magicResist": 0.0,
        "physicalDamage": 40,
        "attackSpeed": 0.0,
        "lifeSteal": 0.0,
        "hpRegen": 0.0,
        "movementSpeedPercent": 0.0,
        "cost": 3300,
        "id": 6632
    },
    {
        "movementSpeed": 0.0,
        "health": 0.0,
        "crit": 0.0,
        "abilityPower": 80,
        "mana": 600,
        "armour": 0.0,
        "magicResist": 0.0,
        "physicalDamage": 0.0,
        "attackSpeed": 0.0,
        "lifeSteal": 0.0,
        "hpRegen": 0.0,
        "movementSpeedPercent": 0.0,
        "cost": 3400,
        "id": 6653
    },
    {
        "movementSpeed": 0.0,
        "health": 0.0,
        "crit": 0.0,
        "abilityPower": 80,
        "mana": 600,
        "armour": 0.0,
        "magicResist": 0.0,
        "physicalDamage": 0.0,
        "attackSpeed": 0.0,
        "lifeSteal": 0.0,
        "hpRegen": 0.0,
        "movementSpeedPercent": 0.0,
        "cost": 3400,
        "id": 6655
    },
    {
        "movementSpeed": 0.0,
        "health": 250,
        "crit": 0.0,
        "abilityPower": 80,
        "mana": 600,
        "armour": 0.0,
        "magicResist": 0.0,
        "physicalDamage": 0.0,
        "attackSpeed": 0.0,
        "lifeSteal": 0.0,
        "hpRegen": 0.0,
        "movementSpeedPercent": 0.0,
        "cost": 3400,
        "id": 6656
    },
    {
        "movementSpeed": 0.0,
        "health": 300,
        "crit": 0.0,
        "abilityPower": 0.0,
        "mana": 0.0,
        "armour": 0.0,
        "magicResist": 0.0,
        "physicalDamage": 0.0,
        "attackSpeed": 0.0,
        "lifeSteal": 0.0,
        "hpRegen": 0.0,
        "movementSpeedPercent": 0.0,
        "cost": 1100,
        "id": 6660
    },
    {
        "movementSpeed": 0.0,
        "health": 350,
        "crit": 0.0,
        "abilityPower": 0.0,
        "mana": 0.0,
        "armour": 25,
        "magicResist": 25,
        "physicalDamage": 0.0,
        "attackSpeed": 0.0,
        "lifeSteal": 0.0,
        "hpRegen": 0.0,
        "movementSpeedPercent": 0.0,
        "cost": 2800,
        "id": 6662
    },
    {
        "movementSpeed": 0.0,
        "health": 350,
        "crit": 0.0,
        "abilityPower": 0.0,
        "mana": 0.0,
        "armour": 25,
        "magicResist": 25,
        "physicalDamage": 0.0,
        "attackSpeed": 0.0,
        "lifeSteal": 0.0,
        "hpRegen": 0.0,
        "movementSpeedPercent": 0.0,
        "cost": 2800,
        "id": 6664
    },
    {
        "movementSpeed": 0.0,
        "health": 0.0,
        "crit": 0.0,
        "abilityPower": 0.0,
        "mana": 0.0,
        "armour": 0.0,
        "magicResist": 0.0,
        "physicalDamage": 30,
        "attackSpeed": 0.15,
        "lifeSteal": 0.0,
        "hpRegen": 0.0,
        "movementSpeedPercent": 0.0,
        "cost": 1300,
        "id": 6670
    },
    {
        "movementSpeed": 0.0,
        "health": 0.0,
        "crit": 0.2,
        "abilityPower": 0.0,
        "mana": 0.0,
        "armour": 0.0,
        "magicResist": 0.0,
        "physicalDamage": 60,
        "attackSpeed": 0.2,
        "lifeSteal": 0.0,
        "hpRegen": 0.0,
        "movementSpeedPercent": 0.0,
        "cost": 3400,
        "id": 6671
    },
    {
        "movementSpeed": 0.0,
        "health": 0.0,
        "crit": 0.2,
        "abilityPower": 0.0,
        "mana": 0.0,
        "armour": 0.0,
        "magicResist": 0.0,
        "physicalDamage": 65,
        "attackSpeed": 0.25,
        "lifeSteal": 0.0,
        "hpRegen": 0.0,
        "movementSpeedPercent": 0.0,
        "cost": 3400,
        "id": 6672
    },
    {
        "movementSpeed": 0.0,
        "health": 0.0,
        "crit": 0.2,
        "abilityPower": 0.0,
        "mana": 0.0,
        "armour": 0.0,
        "magicResist": 0.0,
        "physicalDamage": 55,
        "attackSpeed": 0.2,
        "lifeSteal": 0.1,
        "hpRegen": 0.0,
        "movementSpeedPercent": 0.0,
        "cost": 3400,
        "id": 6673
    },
    {
        "movementSpeed": 0.0,
        "health": 0.0,
        "crit": 0.2,
        "abilityPower": 0.0,
        "mana": 0.0,
        "armour": 0.0,
        "magicResist": 0.0,
        "physicalDamage": 60,
        "attackSpeed": 0.0,
        "lifeSteal": 0.0,
        "hpRegen": 0.0,
        "movementSpeedPercent": 0.0,
        "cost": 3400,
        "id": 6675
    },
    {
        "movementSpeed": 0.0,
        "health": 0.0,
        "crit": 0.2,
        "abilityPower": 0.0,
        "mana": 0.0,
        "armour": 0.0,
        "magicResist": 0.0,
        "physicalDamage": 55,
        "attackSpeed": 0.0,
        "lifeSteal": 0.0,
        "hpRegen": 0.0,
        "movementSpeedPercent": 0.0,
        "cost": 3000,
        "id": 6676
    },
    {
        "movementSpeed": 0.0,
        "health": 0.0,
        "crit": 0.0,
        "abilityPower": 0.0,
        "mana": 0.0,
        "armour": 0.0,
        "magicResist": 0.0,
        "physicalDamage": 0.0,
        "attackSpeed": 0.25,
        "lifeSteal": 0.0,
        "hpRegen": 0.0,
        "movementSpeedPercent": 0.0,
        "cost": 800,
        "id": 6677
    },
    {
        "movementSpeed": 0.0,
        "health": 0.0,
        "crit": 0.0,
        "abilityPower": 0.0,
        "mana": 0.0,
        "armour": 0.0,
        "magicResist": 0.0,
        "physicalDamage": 60,
        "attackSpeed": 0.0,
        "lifeSteal": 0.0,
        "hpRegen": 0.0,
        "movementSpeedPercent": 0.0,
        "cost": 3200,
        "id": 6691
    },
    {
        "movementSpeed": 0.0,
        "health": 0.0,
        "crit": 0.0,
        "abilityPower": 0.0,
        "mana": 0.0,
        "armour": 0.0,
        "magicResist": 0.0,
        "physicalDamage": 55,
        "attackSpeed": 0.0,
        "lifeSteal": 0.0,
        "hpRegen": 0.0,
        "movementSpeedPercent": 0.0,
        "cost": 3200,
        "id": 6692
    },
    {
        "movementSpeed": 0.0,
        "health": 0.0,
        "crit": 0.0,
        "abilityPower": 0.0,
        "mana": 0.0,
        "armour": 0.0,
        "magicResist": 0.0,
        "physicalDamage": 60,
        "attackSpeed": 0.0,
        "lifeSteal": 0.0,
        "hpRegen": 0.0,
        "movementSpeedPercent": 0.0,
        "cost": 3200,
        "id": 6693
    },
    {
        "movementSpeed": 0.0,
        "health": 0.0,
        "crit": 0.0,
        "abilityPower": 0.0,
        "mana": 0.0,
        "armour": 0.0,
        "magicResist": 0.0,
        "physicalDamage": 45,
        "attackSpeed": 0.0,
        "lifeSteal": 0.0,
        "hpRegen": 0.0,
        "movementSpeedPercent": 0.0,
        "cost": 3200,
        "id": 6694
    },
    {
        "movementSpeed": 0.0,
        "health": 0.0,
        "crit": 0.0,
        "abilityPower": 0.0,
        "mana": 0.0,
        "armour": 0.0,
        "magicResist": 0.0,
        "physicalDamage": 55,
        "attackSpeed": 0.0,
        "lifeSteal": 0.0,
        "hpRegen": 0.0,
        "movementSpeedPercent": 0.0,
        "cost": 2600,
        "id": 6695
    }
]